Date,mp_id,rc_id,Actual_Revenue,Forecasted_Revenue
2024-04-01,0,0,0.0,1329.5818012799864
2024-04-02,0,0,643.0,1329.5818012799864
2024-04-03,0,0,374.0,1329.5818012799864
2024-04-04,0,0,469.0,1329.5818012799864
2024-04-05,0,0,701.0,1329.5818012799864
2024-04-06,0,0,875.0,1329.5818012799864
2024-04-07,0,0,932.0,1329.5818012799864
2024-04-08,0,0,110.0,1329.5818012799864
2024-04-09,0,0,866.0,1329.5818012799864
2024-04-10,0,0,1308.25,1329.5818012799864
2024-04-11,0,0,1357.0,1329.5818012799864
2024-04-12,0,0,937.0,1329.5818012799864
2024-04-13,0,0,1245.0,1329.5818012799864
2024-04-14,0,0,153.0,1329.5818012799864
2024-04-15,0,0,387.0,1329.5818012799864
2024-04-16,0,0,930.3,1329.5818012799864
2024-04-17,0,0,748.0,1329.5818012799864
2024-04-18,0,0,979.3,1329.5818012799864
2024-04-19,0,0,1437.5,1329.5818012799864
2024-04-20,0,0,1119.0,1329.5818012799864
2024-04-21,0,0,608.5,1329.5818012799864
2024-04-22,0,0,335.0,1329.5818012799864
2024-04-23,0,0,456.7,1329.5818012799864
2024-04-24,0,0,421.0,1329.5818012799864
2024-04-25,0,0,631.0,1329.5818012799864
2024-04-26,0,0,1005.0,1329.5818012799864
2024-04-27,0,0,736.0,1329.5818012799864
2024-04-28,0,0,863.0,1329.5818012799864
2024-04-29,0,0,1064.7,1329.5818012799864
2024-04-30,0,0,566.0,1329.5818012799864
2024-04-01,0,1,0.0,1144.7306588299352
2024-04-02,0,1,240.0,1144.7306588299352
2024-04-03,0,1,0.0,1144.7306588299352
2024-04-04,0,1,265.0,1144.7306588299352
2024-04-05,0,1,280.0,1144.7306588299352
2024-04-06,0,1,164.0,1144.7306588299352
2024-04-07,0,1,0.0,1144.7306588299352
2024-04-08,0,1,0.0,1144.7306588299352
2024-04-09,0,1,270.0,1144.7306588299352
2024-04-10,0,1,115.0,1144.7306588299352
2024-04-11,0,1,60.0,1144.7306588299352
2024-04-12,0,1,45.0,1144.7306588299352
2024-04-13,0,1,60.0,1144.7306588299352
2024-04-14,0,1,80.0,1144.7306588299352
2024-04-15,0,1,385.0,1144.7306588299352
2024-04-16,0,1,636.0,1144.7306588299352
2024-04-17,0,1,421.0,1144.7306588299352
2024-04-18,0,1,135.0,1144.7306588299352
2024-04-19,0,1,122.0,1144.7306588299352
2024-04-20,0,1,202.0,1144.7306588299352
2024-04-21,0,1,176.0,1144.7306588299352
2024-04-22,0,1,807.0,1144.7306588299352
2024-04-23,0,1,91.0,1144.7306588299352
2024-04-24,0,1,702.0,1144.7306588299352
2024-04-25,0,1,373.0,1144.7306588299352
2024-04-26,0,1,441.0,1144.7306588299352
2024-04-27,0,1,487.0,1144.7306588299352
2024-04-28,0,1,580.0,1144.7306588299352
2024-04-29,0,1,262.0,1144.7306588299352
2024-04-30,0,1,384.0,1144.7306588299352
2024-04-01,0,2,0.0,945.5270118761523
2024-04-02,0,2,345.5,945.5270118761523
2024-04-03,0,2,196.0,945.5270118761523
2024-04-04,0,2,180.0,945.5270118761523
2024-04-05,0,2,188.0,945.5270118761523
2024-04-06,0,2,100.0,945.5270118761523
2024-04-07,0,2,110.0,945.5270118761523
2024-04-08,0,2,650.0,945.5270118761523
2024-04-09,0,2,80.0,945.5270118761523
2024-04-10,0,2,32.0,945.5270118761523
2024-04-11,0,2,486.0,945.5270118761523
2024-04-12,0,2,150.0,945.5270118761523
2024-04-13,0,2,0.0,945.5270118761523
2024-04-14,0,2,690.0,945.5270118761523
2024-04-15,0,2,0.0,945.5270118761523
2024-04-16,0,2,50.0,945.5270118761523
2024-04-17,0,2,0.0,945.5270118761523
2024-04-18,0,2,200.0,945.5270118761523
2024-04-19,0,2,85.0,945.5270118761523
2024-04-20,0,2,280.0,945.5270118761523
2024-04-21,0,2,0.0,945.5270118761523
2024-04-22,0,2,523.5,945.5270118761523
2024-04-23,0,2,564.0,945.5270118761523
2024-04-24,0,2,245.0,945.5270118761523
2024-04-25,0,2,394.0,945.5270118761523
2024-04-26,0,2,830.0,945.5270118761523
2024-04-27,0,2,48.0,945.5270118761523
2024-04-28,0,2,711.0,945.5270118761523
2024-04-29,0,2,0.0,945.5270118761523
2024-04-30,0,2,430.0,945.5270118761523
2024-04-01,0,3,10887.0,13471.412838047529
2024-04-02,0,3,9579.0,13471.412838047529
2024-04-03,0,3,10358.0,13471.412838047529
2024-04-04,0,3,9498.0,13471.412838047529
2024-04-05,0,3,16183.0,13471.412838047529
2024-04-06,0,3,16015.0,13471.412838047529
2024-04-07,0,3,14388.0,13471.412838047529
2024-04-08,0,3,9754.0,13471.412838047529
2024-04-09,0,3,12272.0,13471.412838047529
2024-04-10,0,3,12485.0,13471.412838047529
2024-04-11,0,3,15404.0,13471.412838047529
2024-04-12,0,3,17018.0,13471.412838047529
2024-04-13,0,3,18324.0,13471.412838047529
2024-04-14,0,3,16731.0,13471.412838047529
2024-04-15,0,3,15738.0,13471.412838047529
2024-04-16,0,3,13255.0,13471.412838047529
2024-04-17,0,3,15053.0,13471.412838047529
2024-04-18,0,3,12815.0,13471.412838047529
2024-04-19,0,3,13137.0,13471.412838047529
2024-04-20,0,3,13589.0,13471.412838047529
2024-04-21,0,3,11688.0,13471.412838047529
2024-04-22,0,3,13251.0,13471.412838047529
2024-04-23,0,3,14712.0,13471.412838047529
2024-04-24,0,3,12365.0,13471.412838047529
2024-04-25,0,3,13807.0,13471.412838047529
2024-04-26,0,3,12776.0,13471.412838047529
2024-04-27,0,3,15429.0,13471.412838047529
2024-04-28,0,3,12200.0,13471.412838047529
2024-04-29,0,3,12362.0,13471.412838047529
2024-04-30,0,3,12496.0,13471.412838047529
2024-04-01,0,4,0.0,804.4007584398513
2024-04-02,0,4,0.0,804.4007584398513
2024-04-03,0,4,0.0,804.4007584398513
2024-04-04,0,4,0.0,804.4007584398513
2024-04-05,0,4,0.0,804.4007584398513
2024-04-06,0,4,0.0,804.4007584398513
2024-04-07,0,4,0.0,804.4007584398513
2024-04-08,0,4,0.0,804.4007584398513
2024-04-09,0,4,0.0,804.4007584398513
2024-04-10,0,4,506.875,804.4007584398513
2024-04-11,0,4,64.0,804.4007584398513
2024-04-12,0,4,0.0,804.4007584398513
2024-04-13,0,4,164.0,804.4007584398513
2024-04-14,0,4,122.0,804.4007584398513
2024-04-15,0,4,125.0,804.4007584398513
2024-04-16,0,4,0.0,804.4007584398513
2024-04-17,0,4,0.0,804.4007584398513
2024-04-18,0,4,481.0,804.4007584398513
2024-04-19,0,4,506.875,804.4007584398513
2024-04-20,0,4,506.875,804.4007584398513
2024-04-21,0,4,50.0,804.4007584398513
2024-04-22,0,4,108.0,804.4007584398513
2024-04-23,0,4,235.0,804.4007584398513
2024-04-24,0,4,197.0,804.4007584398513
2024-04-25,0,4,158.0,804.4007584398513
2024-04-26,0,4,0.0,804.4007584398513
2024-04-27,0,4,110.0,804.4007584398513
2024-04-28,0,4,32.0,804.4007584398513
2024-04-29,0,4,119.0,804.4007584398513
2024-04-30,0,4,147.0,804.4007584398513
2024-04-01,0,5,0.0,804.4007584398513
2024-04-02,0,5,0.0,804.4007584398513
2024-04-03,0,5,0.0,804.4007584398513
2024-04-04,0,5,0.0,804.4007584398513
2024-04-05,0,5,0.0,804.4007584398513
2024-04-06,0,5,0.0,804.4007584398513
2024-04-07,0,5,16.0,804.4007584398513
2024-04-08,0,5,0.0,804.4007584398513
2024-04-09,0,5,69.0,804.4007584398513
2024-04-10,0,5,42.0,804.4007584398513
2024-04-11,0,5,0.0,804.4007584398513
2024-04-12,0,5,0.0,804.4007584398513
2024-04-13,0,5,16.0,804.4007584398513
2024-04-14,0,5,0.0,804.4007584398513
2024-04-15,0,5,9.0,804.4007584398513
2024-04-16,0,5,0.0,804.4007584398513
2024-04-17,0,5,0.0,804.4007584398513
2024-04-18,0,5,0.0,804.4007584398513
2024-04-19,0,5,77.0,804.4007584398513
2024-04-20,0,5,0.0,804.4007584398513
2024-04-21,0,5,0.0,804.4007584398513
2024-04-22,0,5,0.0,804.4007584398513
2024-04-23,0,5,32.0,804.4007584398513
2024-04-24,0,5,0.0,804.4007584398513
2024-04-25,0,5,6.0,804.4007584398513
2024-04-26,0,5,33.0,804.4007584398513
2024-04-27,0,5,9.0,804.4007584398513
2024-04-28,0,5,0.0,804.4007584398513
2024-04-29,0,5,0.0,804.4007584398513
2024-04-30,0,5,43.0,804.4007584398513
2024-04-01,0,6,0.0,711.6962006960692
2024-04-02,0,6,0.0,711.6962006960692
2024-04-03,0,6,0.0,711.6962006960692
2024-04-04,0,6,0.0,711.6962006960692
2024-04-05,0,6,0.0,711.6962006960692
2024-04-06,0,6,0.0,711.6962006960692
2024-04-07,0,6,0.0,711.6962006960692
2024-04-08,0,6,0.0,711.6962006960692
2024-04-09,0,6,0.0,711.6962006960692
2024-04-10,0,6,0.0,711.6962006960692
2024-04-11,0,6,0.0,711.6962006960692
2024-04-12,0,6,0.0,711.6962006960692
2024-04-13,0,6,0.0,711.6962006960692
2024-04-14,0,6,0.0,711.6962006960692
2024-04-15,0,6,0.0,711.6962006960692
2024-04-16,0,6,0.0,711.6962006960692
2024-04-17,0,6,0.0,711.6962006960692
2024-04-18,0,6,0.0,711.6962006960692
2024-04-19,0,6,0.0,711.6962006960692
2024-04-20,0,6,0.0,711.6962006960692
2024-04-21,0,6,0.0,711.6962006960692
2024-04-22,0,6,0.0,711.6962006960692
2024-04-23,0,6,0.0,711.6962006960692
2024-04-24,0,6,0.0,711.6962006960692
2024-04-25,0,6,0.0,711.6962006960692
2024-04-26,0,6,0.0,711.6962006960692
2024-04-27,0,6,0.0,711.6962006960692
2024-04-28,0,6,0.0,711.6962006960692
2024-04-29,0,6,0.0,711.6962006960692
2024-04-30,0,6,0.0,711.6962006960692
2024-04-01,0,7,0.0,766.8875343809349
2024-04-02,0,7,35.0,766.8875343809349
2024-04-03,0,7,70.0,766.8875343809349
2024-04-04,0,7,145.0,766.8875343809349
2024-04-05,0,7,175.0,766.8875343809349
2024-04-06,0,7,280.0,766.8875343809349
2024-04-07,0,7,420.0,766.8875343809349
2024-04-08,0,7,480.0,766.8875343809349
2024-04-09,0,7,65.0,766.8875343809349
2024-04-10,0,7,105.0,766.8875343809349
2024-04-11,0,7,0.0,766.8875343809349
2024-04-12,0,7,140.0,766.8875343809349
2024-04-13,0,7,260.0,766.8875343809349
2024-04-14,0,7,285.0,766.8875343809349
2024-04-15,0,7,395.0,766.8875343809349
2024-04-16,0,7,105.0,766.8875343809349
2024-04-17,0,7,565.0,766.8875343809349
2024-04-18,0,7,70.0,766.8875343809349
2024-04-19,0,7,130.0,766.8875343809349
2024-04-20,0,7,240.0,766.8875343809349
2024-04-21,0,7,571.875,766.8875343809349
2024-04-22,0,7,571.875,766.8875343809349
2024-04-23,0,7,515.0,766.8875343809349
2024-04-24,0,7,70.0,766.8875343809349
2024-04-25,0,7,175.0,766.8875343809349
2024-04-26,0,7,90.0,766.8875343809349
2024-04-27,0,7,310.0,766.8875343809349
2024-04-28,0,7,20.0,766.8875343809349
2024-04-29,0,7,55.0,766.8875343809349
2024-04-30,0,7,235.0,766.8875343809349
2024-04-01,1,0,733.0,2303.8039827834446
2024-04-02,1,0,1610.0,2303.8039827834446
2024-04-03,1,0,1957.0,2303.8039827834446
2024-04-04,1,0,2338.25,2303.8039827834446
2024-04-05,1,0,1877.5,2303.8039827834446
2024-04-06,1,0,771.0,2303.8039827834446
2024-04-07,1,0,1663.0,2303.8039827834446
2024-04-08,1,0,2069.0,2303.8039827834446
2024-04-09,1,0,1299.0,2303.8039827834446
2024-04-10,1,0,1383.0,2303.8039827834446
2024-04-11,1,0,3015.0,2303.8039827834446
2024-04-12,1,0,2756.5,2303.8039827834446
2024-04-13,1,0,1913.0,2303.8039827834446
2024-04-14,1,0,1903.0,2303.8039827834446
2024-04-15,1,0,2630.2,2303.8039827834446
2024-04-16,1,0,5801.875,2303.8039827834446
2024-04-17,1,0,2320.0,2303.8039827834446
2024-04-18,1,0,3853.0,2303.8039827834446
2024-04-19,1,0,3481.5,2303.8039827834446
2024-04-20,1,0,1782.7,2303.8039827834446
2024-04-21,1,0,4640.4,2303.8039827834446
2024-04-22,1,0,2032.9,2303.8039827834446
2024-04-23,1,0,3090.5,2303.8039827834446
2024-04-24,1,0,2461.5,2303.8039827834446
2024-04-25,1,0,4597.9,2303.8039827834446
2024-04-26,1,0,2840.0,2303.8039827834446
2024-04-27,1,0,3199.0,2303.8039827834446
2024-04-28,1,0,2368.0,2303.8039827834446
2024-04-29,1,0,2149.5,2303.8039827834446
2024-04-30,1,0,2503.0,2303.8039827834446
2024-04-01,1,1,0.0,1127.3193065361627
2024-04-02,1,1,0.0,1127.3193065361627
2024-04-03,1,1,365.5,1127.3193065361627
2024-04-04,1,1,30.0,1127.3193065361627
2024-04-05,1,1,90.0,1127.3193065361627
2024-04-06,1,1,0.0,1127.3193065361627
2024-04-07,1,1,0.0,1127.3193065361627
2024-04-08,1,1,0.0,1127.3193065361627
2024-04-09,1,1,128.0,1127.3193065361627
2024-04-10,1,1,35.0,1127.3193065361627
2024-04-11,1,1,417.0,1127.3193065361627
2024-04-12,1,1,225.0,1127.3193065361627
2024-04-13,1,1,51.0,1127.3193065361627
2024-04-14,1,1,260.0,1127.3193065361627
2024-04-15,1,1,137.0,1127.3193065361627
2024-04-16,1,1,827.0,1127.3193065361627
2024-04-17,1,1,973.5,1127.3193065361627
2024-04-18,1,1,508.0,1127.3193065361627
2024-04-19,1,1,400.0,1127.3193065361627
2024-04-20,1,1,665.0,1127.3193065361627
2024-04-21,1,1,507.5,1127.3193065361627
2024-04-22,1,1,603.0,1127.3193065361627
2024-04-23,1,1,45.0,1127.3193065361627
2024-04-24,1,1,141.0,1127.3193065361627
2024-04-25,1,1,494.5,1127.3193065361627
2024-04-26,1,1,295.0,1127.3193065361627
2024-04-27,1,1,1049.0,1127.3193065361627
2024-04-28,1,1,1028.0,1127.3193065361627
2024-04-29,1,1,468.0,1127.3193065361627
2024-04-30,1,1,331.5,1127.3193065361627
2024-04-01,1,2,7216.55,7256.462634268942
2024-04-02,1,2,7638.05,7256.462634268942
2024-04-03,1,2,4937.7,7256.462634268942
2024-04-04,1,2,5038.4,7256.462634268942
2024-04-05,1,2,3384.7,7256.462634268942
2024-04-06,1,2,9163.1,7256.462634268942
2024-04-07,1,2,7770.9,7256.462634268942
2024-04-08,1,2,3225.4,7256.462634268942
2024-04-09,1,2,6793.8,7256.462634268942
2024-04-10,1,2,4407.6,7256.462634268942
2024-04-11,1,2,7377.45,7256.462634268942
2024-04-12,1,2,5459.0,7256.462634268942
2024-04-13,1,2,5872.8,7256.462634268942
2024-04-14,1,2,8675.5,7256.462634268942
2024-04-15,1,2,8049.5,7256.462634268942
2024-04-16,1,2,16875.75,7256.462634268942
2024-04-17,1,2,13089.5,7256.462634268942
2024-04-18,1,2,9790.3,7256.462634268942
2024-04-19,1,2,9885.5,7256.462634268942
2024-04-20,1,2,11882.25,7256.462634268942
2024-04-21,1,2,7078.5,7256.462634268942
2024-04-22,1,2,6842.8,7256.462634268942
2024-04-23,1,2,8698.7,7256.462634268942
2024-04-24,1,2,6305.4,7256.462634268942
2024-04-25,1,2,13528.5,7256.462634268942
2024-04-26,1,2,11858.45,7256.462634268942
2024-04-27,1,2,13293.5,7256.462634268942
2024-04-28,1,2,8366.35,7256.462634268942
2024-04-29,1,2,10634.2,7256.462634268942
2024-04-30,1,2,9306.5,7256.462634268942
2024-04-01,1,3,21506.5375,11955.36261905106
2024-04-02,1,3,9960.0,11955.36261905106
2024-04-03,1,3,21506.5375,11955.36261905106
2024-04-04,1,3,13722.0,11763.959397923103
2024-04-05,1,3,14526.0,12770.48295962224
2024-04-06,1,3,21506.5375,12488.917821377674
2024-04-07,1,3,10570.0,12488.917821377674
2024-04-08,1,3,9072.0,11955.36261905106
2024-04-09,1,3,6574.0,11955.36261905106
2024-04-10,1,3,2374.5,11955.36261905106
2024-04-11,1,3,2726.8,11763.959397923103
2024-04-12,1,3,4421.0,12770.48295962224
2024-04-13,1,3,5891.0,12488.917821377674
2024-04-14,1,3,2556.5,12488.917821377674
2024-04-15,1,3,1229.0,11955.36261905106
2024-04-16,1,3,9829.0,11955.36261905106
2024-04-17,1,3,3464.0,11955.36261905106
2024-04-18,1,3,2909.0,11763.959397923103
2024-04-19,1,3,7248.0,12770.48295962224
2024-04-20,1,3,3919.8,12488.917821377674
2024-04-21,1,3,2563.9,12488.917821377674
2024-04-22,1,3,2501.0,11955.36261905106
2024-04-23,1,3,3123.6,11955.36261905106
2024-04-24,1,3,7427.0,11955.36261905106
2024-04-25,1,3,2621.0,11763.959397923103
2024-04-26,1,3,10863.5,12770.48295962224
2024-04-27,1,3,2413.0,12488.917821377674
2024-04-28,1,3,4230.0,12488.917821377674
2024-04-29,1,3,3731.7,11955.36261905106
2024-04-30,1,3,2979.0,11955.36261905106
2024-04-01,1,4,190.0,887.305774380777
2024-04-02,1,4,520.0,887.305774380777
2024-04-03,1,4,115.0,887.305774380777
2024-04-04,1,4,617.5,887.305774380777
2024-04-05,1,4,100.0,887.305774380777
2024-04-06,1,4,332.0,887.305774380777
2024-04-07,1,4,807.5,887.305774380777
2024-04-08,1,4,450.0,887.305774380777
2024-04-09,1,4,456.0,887.305774380777
2024-04-10,1,4,548.5,887.305774380777
2024-04-11,1,4,382.0,887.305774380777
2024-04-12,1,4,158.0,887.305774380777
2024-04-13,1,4,0.0,887.305774380777
2024-04-14,1,4,214.0,887.305774380777
2024-04-15,1,4,220.0,887.305774380777
2024-04-16,1,4,0.0,887.305774380777
2024-04-17,1,4,0.0,887.305774380777
2024-04-18,1,4,1553.5625,887.305774380777
2024-04-19,1,4,527.0,887.305774380777
2024-04-20,1,4,835.0,887.305774380777
2024-04-21,1,4,60.0,887.305774380777
2024-04-22,1,4,270.0,887.305774380777
2024-04-23,1,4,307.0,887.305774380777
2024-04-24,1,4,696.5,887.305774380777
2024-04-25,1,4,757.25,887.305774380777
2024-04-26,1,4,310.0,887.305774380777
2024-04-27,1,4,772.0,887.305774380777
2024-04-28,1,4,338.0,887.305774380777
2024-04-29,1,4,25.0,887.305774380777
2024-04-30,1,4,292.0,887.305774380777
2024-04-01,1,5,36.0,887.305774380777
2024-04-02,1,5,12.0,887.305774380777
2024-04-03,1,5,25.0,887.305774380777
2024-04-04,1,5,49.0,887.305774380777
2024-04-05,1,5,137.0,887.305774380777
2024-04-06,1,5,228.5,887.305774380777
2024-04-07,1,5,9.0,887.305774380777
2024-04-08,1,5,0.0,887.305774380777
2024-04-09,1,5,93.0,887.305774380777
2024-04-10,1,5,191.0,887.305774380777
2024-04-11,1,5,133.0,887.305774380777
2024-04-12,1,5,104.0,887.305774380777
2024-04-13,1,5,73.0,887.305774380777
2024-04-14,1,5,114.0,887.305774380777
2024-04-15,1,5,228.5,887.305774380777
2024-04-16,1,5,228.5,887.305774380777
2024-04-17,1,5,228.5,887.305774380777
2024-04-18,1,5,83.0,887.305774380777
2024-04-19,1,5,132.0,887.305774380777
2024-04-20,1,5,0.0,887.305774380777
2024-04-21,1,5,113.0,887.305774380777
2024-04-22,1,5,106.0,887.305774380777
2024-04-23,1,5,65.0,887.305774380777
2024-04-24,1,5,162.0,887.305774380777
2024-04-25,1,5,93.0,887.305774380777
2024-04-26,1,5,39.0,887.305774380777
2024-04-27,1,5,50.0,887.305774380777
2024-04-28,1,5,105.0,887.305774380777
2024-04-29,1,5,9.0,887.305774380777
2024-04-30,1,5,0.0,887.305774380777
2024-04-01,1,6,25620.0,10255.021449052612
2024-04-02,1,6,15525.0,10255.021449052612
2024-04-03,1,6,7400.0,16362.45447751767
2024-04-04,1,6,12570.0,18133.85808570196
2024-04-05,1,6,33720.0,18133.85808570196
2024-04-06,1,6,24620.0,17909.44688668712
2024-04-07,1,6,0.0,10255.021449052612
2024-04-08,1,6,0.0,10255.021449052612
2024-04-09,1,6,0.0,10255.021449052612
2024-04-10,1,6,14250.0,16362.45447751767
2024-04-11,1,6,0.0,18133.85808570196
2024-04-12,1,6,0.0,18133.85808570196
2024-04-13,1,6,15210.0,17909.44688668712
2024-04-14,1,6,14000.0,10255.021449052612
2024-04-15,1,6,0.0,10255.021449052612
2024-04-16,1,6,0.0,10255.021449052612
2024-04-17,1,6,1500.0,16362.45447751767
2024-04-18,1,6,1520.0,18133.85808570196
2024-04-19,1,6,0.0,18133.85808570196
2024-04-20,1,6,22300.0,17909.44688668712
2024-04-21,1,6,24000.0,10255.021449052612
2024-04-22,1,6,0.0,10255.021449052612
2024-04-23,1,6,37130.0,10255.021449052612
2024-04-24,1,6,25895.0,16362.45447751767
2024-04-25,1,6,29125.0,18133.85808570196
2024-04-26,1,6,52200.0,18133.85808570196
2024-04-27,1,6,51665.0,17909.44688668712
2024-04-28,1,6,41065.0,10255.021449052612
2024-04-29,1,6,1820.0,10255.021449052612
2024-04-30,1,6,12640.0,10255.021449052612
2024-04-01,1,7,0.0,746.8005609559734
2024-04-02,1,7,0.0,746.8005609559734
2024-04-03,1,7,0.0,746.8005609559734
2024-04-04,1,7,50.0,746.8005609559734
2024-04-05,1,7,0.0,746.8005609559734
2024-04-06,1,7,70.0,746.8005609559734
2024-04-07,1,7,0.0,746.8005609559734
2024-04-08,1,7,0.0,746.8005609559734
2024-04-09,1,7,0.0,746.8005609559734
2024-04-10,1,7,0.0,746.8005609559734
2024-04-11,1,7,0.0,746.8005609559734
2024-04-12,1,7,0.0,746.8005609559734
2024-04-13,1,7,0.0,746.8005609559734
2024-04-14,1,7,0.0,746.8005609559734
2024-04-15,1,7,20.0,746.8005609559734
2024-04-16,1,7,35.0,746.8005609559734
2024-04-17,1,7,0.0,746.8005609559734
2024-04-18,1,7,35.0,746.8005609559734
2024-04-19,1,7,0.0,746.8005609559734
2024-04-20,1,7,0.0,746.8005609559734
2024-04-21,1,7,0.0,746.8005609559734
2024-04-22,1,7,35.0,746.8005609559734
2024-04-23,1,7,0.0,746.8005609559734
2024-04-24,1,7,70.0,746.8005609559734
2024-04-25,1,7,87.5,746.8005609559734
2024-04-26,1,7,35.0,746.8005609559734
2024-04-27,1,7,0.0,746.8005609559734
2024-04-28,1,7,0.0,746.8005609559734
2024-04-29,1,7,0.0,746.8005609559734
2024-04-30,1,7,87.5,746.8005609559734
2024-04-01,2,0,350.0,1441.6672663885035
2024-04-02,2,0,231.0,1441.6672663885035
2024-04-03,2,0,394.0,1441.6672663885035
2024-04-04,2,0,928.0,1441.6672663885035
2024-04-05,2,0,0.0,1441.6672663885035
2024-04-06,2,0,389.2,1441.6672663885035
2024-04-07,2,0,120.0,1441.6672663885035
2024-04-08,2,0,80.0,1441.6672663885035
2024-04-09,2,0,195.0,1441.6672663885035
2024-04-10,2,0,562.0,1441.6672663885035
2024-04-11,2,0,454.0,1441.6672663885035
2024-04-12,2,0,0.0,1441.6672663885035
2024-04-13,2,0,315.0,1441.6672663885035
2024-04-14,2,0,216.5,1441.6672663885035
2024-04-15,2,0,1067.5,1441.6672663885035
2024-04-16,2,0,583.0,1441.6672663885035
2024-04-17,2,0,878.0,1441.6672663885035
2024-04-18,2,0,417.5,1441.6672663885035
2024-04-19,2,0,1016.0,1441.6672663885035
2024-04-20,2,0,173.0,1441.6672663885035
2024-04-21,2,0,324.0,1441.6672663885035
2024-04-22,2,0,809.5,1441.6672663885035
2024-04-23,2,0,737.5,1441.6672663885035
2024-04-24,2,0,691.0,1441.6672663885035
2024-04-25,2,0,1121.5,1441.6672663885035
2024-04-26,2,0,1224.0,1441.6672663885035
2024-04-27,2,0,543.4,1441.6672663885035
2024-04-28,2,0,1567.0,1441.6672663885035
2024-04-29,2,0,366.0,1441.6672663885035
2024-04-30,2,0,1242.0,1441.6672663885035
2024-04-01,2,1,95.0,1256.8161239384522
2024-04-02,2,1,35.0,1256.8161239384522
2024-04-03,2,1,17.5,1256.8161239384522
2024-04-04,2,1,0.0,1256.8161239384522
2024-04-05,2,1,133.0,1256.8161239384522
2024-04-06,2,1,0.0,1256.8161239384522
2024-04-07,2,1,0.0,1256.8161239384522
2024-04-08,2,1,0.0,1256.8161239384522
2024-04-09,2,1,27.0,1256.8161239384522
2024-04-10,2,1,0.0,1256.8161239384522
2024-04-11,2,1,417.0,1256.8161239384522
2024-04-12,2,1,327.0,1256.8161239384522
2024-04-13,2,1,601.0,1256.8161239384522
2024-04-14,2,1,90.0,1256.8161239384522
2024-04-15,2,1,262.0,1256.8161239384522
2024-04-16,2,1,308.0,1256.8161239384522
2024-04-17,2,1,127.0,1256.8161239384522
2024-04-18,2,1,766.0,1256.8161239384522
2024-04-19,2,1,1005.0,1256.8161239384522
2024-04-20,2,1,425.0,1256.8161239384522
2024-04-21,2,1,297.0,1256.8161239384522
2024-04-22,2,1,403.0,1256.8161239384522
2024-04-23,2,1,1074.0,1256.8161239384522
2024-04-24,2,1,330.0,1256.8161239384522
2024-04-25,2,1,513.0,1256.8161239384522
2024-04-26,2,1,351.0,1256.8161239384522
2024-04-27,2,1,200.0,1256.8161239384522
2024-04-28,2,1,459.5,1256.8161239384522
2024-04-29,2,1,706.0,1256.8161239384522
2024-04-30,2,1,791.0,1256.8161239384522
2024-04-01,2,2,738.0,1695.4615834175804
2024-04-02,2,2,1047.0,1695.4615834175804
2024-04-03,2,2,1262.5,1695.4615834175804
2024-04-04,2,2,840.5,1695.4615834175804
2024-04-05,2,2,925.0,1695.4615834175804
2024-04-06,2,2,1378.25,1695.4615834175804
2024-04-07,2,2,666.0,1695.4615834175804
2024-04-08,2,2,878.0,1695.4615834175804
2024-04-09,2,2,698.0,1695.4615834175804
2024-04-10,2,2,367.0,1695.4615834175804
2024-04-11,2,2,1027.0,1695.4615834175804
2024-04-12,2,2,1464.0,1695.4615834175804
2024-04-13,2,2,1415.0,1695.4615834175804
2024-04-14,2,2,584.0,1695.4615834175804
2024-04-15,2,2,3118.25,1695.4615834175804
2024-04-16,2,2,1781.5,1695.4615834175804
2024-04-17,2,2,3968.25,1695.4615834175804
2024-04-18,2,2,677.5,1695.4615834175804
2024-04-19,2,2,998.5,1695.4615834175804
2024-04-20,2,2,1710.0,1695.4615834175804
2024-04-21,2,2,1927.0,1695.4615834175804
2024-04-22,2,2,952.5,1695.4615834175804
2024-04-23,2,2,1621.0,1695.4615834175804
2024-04-24,2,2,2640.75,1695.4615834175804
2024-04-25,2,2,1967.0,1695.4615834175804
2024-04-26,2,2,1357.5,1695.4615834175804
2024-04-27,2,2,1641.0,1695.4615834175804
2024-04-28,2,2,3164.0,1695.4615834175804
2024-04-29,2,2,1790.5,1695.4615834175804
2024-04-30,2,2,1167.0,1695.4615834175804
2024-04-01,2,3,80.0,1695.4615834175804
2024-04-02,2,3,0.0,1695.4615834175804
2024-04-03,2,3,350.0,1695.4615834175804
2024-04-04,2,3,40.0,1695.4615834175804
2024-04-05,2,3,4175.625,1695.4615834175804
2024-04-06,2,3,1396.0,1695.4615834175804
2024-04-07,2,3,200.0,1695.4615834175804
2024-04-08,2,3,356.0,1695.4615834175804
2024-04-09,2,3,888.0,1695.4615834175804
2024-04-10,2,3,200.0,1695.4615834175804
2024-04-11,2,3,690.0,1695.4615834175804
2024-04-12,2,3,1643.5,1695.4615834175804
2024-04-13,2,3,832.0,1695.4615834175804
2024-04-14,2,3,1561.0,1695.4615834175804
2024-04-15,2,3,1150.0,1695.4615834175804
2024-04-16,2,3,2104.0,1695.4615834175804
2024-04-17,2,3,604.0,1695.4615834175804
2024-04-18,2,3,3542.0,1695.4615834175804
2024-04-19,2,3,2219.0,1695.4615834175804
2024-04-20,2,3,1876.0,1695.4615834175804
2024-04-21,2,3,700.0,1695.4615834175804
2024-04-22,2,3,1190.0,1695.4615834175804
2024-04-23,2,3,878.0,1695.4615834175804
2024-04-24,2,3,1180.0,1695.4615834175804
2024-04-25,2,3,3317.2,1695.4615834175804
2024-04-26,2,3,344.0,1695.4615834175804
2024-04-27,2,3,1952.0,1695.4615834175804
2024-04-28,2,3,1951.0,1695.4615834175804
2024-04-29,2,3,1157.0,1695.4615834175804
2024-04-30,2,3,40.0,1695.4615834175804
2024-04-01,2,4,0.0,987.4534726983193
2024-04-02,2,4,0.0,987.4534726983193
2024-04-03,2,4,0.0,987.4534726983193
2024-04-04,2,4,0.0,987.4534726983193
2024-04-05,2,4,0.0,987.4534726983193
2024-04-06,2,4,0.0,987.4534726983193
2024-04-07,2,4,0.0,987.4534726983193
2024-04-08,2,4,0.0,987.4534726983193
2024-04-09,2,4,0.0,987.4534726983193
2024-04-10,2,4,602.0,987.4534726983193
2024-04-11,2,4,175.0,987.4534726983193
2024-04-12,2,4,575.0,987.4534726983193
2024-04-13,2,4,125.0,987.4534726983193
2024-04-14,2,4,335.0,987.4534726983193
2024-04-15,2,4,875.0,987.4534726983193
2024-04-16,2,4,0.0,987.4534726983193
2024-04-17,2,4,0.0,987.4534726983193
2024-04-18,2,4,1018.0,987.4534726983193
2024-04-19,2,4,1096.0,987.4534726983193
2024-04-20,2,4,498.0,987.4534726983193
2024-04-21,2,4,720.5,987.4534726983193
2024-04-22,2,4,1203.5,987.4534726983193
2024-04-23,2,4,439.0,987.4534726983193
2024-04-24,2,4,114.0,987.4534726983193
2024-04-25,2,4,567.0,987.4534726983193
2024-04-26,2,4,307.0,987.4534726983193
2024-04-27,2,4,248.0,987.4534726983193
2024-04-28,2,4,302.0,987.4534726983193
2024-04-29,2,4,146.0,987.4534726983193
2024-04-30,2,4,35.0,987.4534726983193
2024-04-01,2,5,0.0,987.4534726983193
2024-04-02,2,5,0.0,987.4534726983193
2024-04-03,2,5,0.0,987.4534726983193
2024-04-04,2,5,0.0,987.4534726983193
2024-04-05,2,5,0.0,987.4534726983193
2024-04-06,2,5,9.0,987.4534726983193
2024-04-07,2,5,25.0,987.4534726983193
2024-04-08,2,5,0.0,987.4534726983193
2024-04-09,2,5,0.0,987.4534726983193
2024-04-10,2,5,0.0,987.4534726983193
2024-04-11,2,5,94.375,987.4534726983193
2024-04-12,2,5,0.0,987.4534726983193
2024-04-13,2,5,34.0,987.4534726983193
2024-04-14,2,5,0.0,987.4534726983193
2024-04-15,2,5,12.0,987.4534726983193
2024-04-16,2,5,25.0,987.4534726983193
2024-04-17,2,5,48.0,987.4534726983193
2024-04-18,2,5,0.0,987.4534726983193
2024-04-19,2,5,0.0,987.4534726983193
2024-04-20,2,5,16.0,987.4534726983193
2024-04-21,2,5,0.0,987.4534726983193
2024-04-22,2,5,0.0,987.4534726983193
2024-04-23,2,5,0.0,987.4534726983193
2024-04-24,2,5,23.0,987.4534726983193
2024-04-25,2,5,45.0,987.4534726983193
2024-04-26,2,5,0.0,987.4534726983193
2024-04-27,2,5,72.0,987.4534726983193
2024-04-28,2,5,21.0,987.4534726983193
2024-04-29,2,5,0.0,987.4534726983193
2024-04-30,2,5,54.0,987.4534726983193
2024-04-01,2,6,2160.0,3875.0458786158833
2024-04-02,2,6,2700.0,3875.0458786158833
2024-04-03,2,6,2880.0,3875.0458786158833
2024-04-04,2,6,6000.0,3875.0458786158833
2024-04-05,2,6,2400.0,3034.474393845479
2024-04-06,2,6,2400.0,3034.474393845479
2024-04-07,2,6,2400.0,3034.474393845479
2024-04-08,2,6,0.0,3875.0458786158833
2024-04-09,2,6,3000.0,3875.0458786158833
2024-04-10,2,6,0.0,3875.0458786158833
2024-04-11,2,6,0.0,3875.0458786158833
2024-04-12,2,6,0.0,3034.474393845479
2024-04-13,2,6,16150.0,3034.474393845479
2024-04-14,2,6,0.0,3034.474393845479
2024-04-15,2,6,0.0,3875.0458786158833
2024-04-16,2,6,6500.0,3875.0458786158833
2024-04-17,2,6,1500.0,3875.0458786158833
2024-04-18,2,6,16150.0,3875.0458786158833
2024-04-19,2,6,5000.0,3034.474393845479
2024-04-20,2,6,4000.0,3034.474393845479
2024-04-21,2,6,4400.0,3034.474393845479
2024-04-22,2,6,10165.0,3875.0458786158833
2024-04-23,2,6,4725.0,3875.0458786158833
2024-04-24,2,6,0.0,3875.0458786158833
2024-04-25,2,6,0.0,3875.0458786158833
2024-04-26,2,6,8840.0,3034.474393845479
2024-04-27,2,6,0.0,3034.474393845479
2024-04-28,2,6,4252.5,3034.474393845479
2024-04-29,2,6,0.0,3875.0458786158833
2024-04-30,2,6,0.0,3875.0458786158833
2024-04-01,2,7,35.0,894.6936199706788
2024-04-02,2,7,240.0,894.6936199706788
2024-04-03,2,7,55.0,894.6936199706788
2024-04-04,2,7,70.0,894.6936199706788
2024-04-05,2,7,265.0,894.6936199706788
2024-04-06,2,7,0.0,894.6936199706788
2024-04-07,2,7,45.0,894.6936199706788
2024-04-08,2,7,140.0,894.6936199706788
2024-04-09,2,7,0.0,894.6936199706788
2024-04-10,2,7,250.0,894.6936199706788
2024-04-11,2,7,350.0,894.6936199706788
2024-04-12,2,7,50.0,894.6936199706788
2024-04-13,2,7,220.0,894.6936199706788
2024-04-14,2,7,200.0,894.6936199706788
2024-04-15,2,7,0.0,894.6936199706788
2024-04-16,2,7,80.0,894.6936199706788
2024-04-17,2,7,35.0,894.6936199706788
2024-04-18,2,7,0.0,894.6936199706788
2024-04-19,2,7,0.0,894.6936199706788
2024-04-20,2,7,650.0,894.6936199706788
2024-04-21,2,7,195.0,894.6936199706788
2024-04-22,2,7,255.0,894.6936199706788
2024-04-23,2,7,105.0,894.6936199706788
2024-04-24,2,7,35.0,894.6936199706788
2024-04-25,2,7,105.0,894.6936199706788
2024-04-26,2,7,160.0,894.6936199706788
2024-04-27,2,7,235.0,894.6936199706788
2024-04-28,2,7,140.0,894.6936199706788
2024-04-29,2,7,170.0,894.6936199706788
2024-04-30,2,7,45.0,894.6936199706788
